{
  "extractive": {
    "llm": {
      "q0": 0.26666666666666666,
      "q1": 0.03333333333333333,
      "predicted_alpha_star": 0.875,
      "empirical_alpha_star": null,
      "rmse_x_inf_vs_theory": 0.5985256769969285,
      "alphas": [
        0.0,
        0.05,
        0.1,
        0.15,
        0.2,
        0.25,
        0.3,
        0.4,
        0.5,
        0.65,
        0.8,
        0.85,
        0.9,
        0.93,
        0.95,
        0.96,
        0.98
      ],
      "x_inf_mean": [
        0.0,
        0.0,
        0.0,
        0.0,
        0.0,
        0.0,
        0.0,
        0.0,
        0.0,
        0.0,
        0.0,
        0.0,
        0.0,
        0.0,
        0.0,
        0.0,
        0.0
      ],
      "x_inf_std": [
        0.0,
        0.0,
        0.0,
        0.0,
        0.0,
        0.0,
        0.0,
        0.0,
        0.0,
        0.0,
        0.0,
        0.0,
        0.0,
        0.0,
        0.0,
        0.0,
        0.0
      ]
    },
    "mechanical": {
      "q0": 0.26666666666666666,
      "q1": 0.03333333333333333,
      "predicted_alpha_star": 0.875,
      "empirical_alpha_star": 0.8,
      "rmse_x_inf_vs_theory": 0.11271893788728468,
      "alphas": [
        0.0,
        0.05,
        0.1,
        0.15,
        0.2,
        0.25,
        0.3,
        0.4,
        0.5,
        0.65,
        0.8,
        0.825,
        0.85,
        0.875,
        0.9,
        0.93,
        0.95,
        0.96,
        0.98
      ],
      "x_inf_mean": [
        0.0,
        0.0,
        0.0017037037037037036,
        0.014285714285714282,
        0.029249999999999998,
        0.06429824561403508,
        0.09857142857142855,
        0.07499999999999997,
        0.16106666666666666,
        0.27870370370370373,
        1.0,
        0.8092592592592593,
        1.0,
        1.0,
        1.0,
        1.0,
        1.0,
        1.0,
        1.0
      ],
      "x_inf_std": [
        0.0,
        0.0,
        0.0024094008840430505,
        0.010286889997472792,
        0.0060104076400856596,
        0.01649915822768611,
        0.03610943306758753,
        0.008898605800078183,
        0.10604016010717617,
        0.22525583686975958,
        0.0,
        0.2697481424526459,
        0.0,
        0.0,
        0.0,
        0.0,
        0.0,
        0.0,
        0.0
      ]
    },
    "stochastic": {
      "q0": 0.26666666666666666,
      "q1": 0.03333333333333333,
      "predicted_alpha_star": 0.875,
      "empirical_alpha_star": 0.85,
      "rmse_x_inf_vs_theory": 0.08855558883531056,
      "alphas": [
        0.0,
        0.05,
        0.1,
        0.15,
        0.2,
        0.25,
        0.3,
        0.4,
        0.5,
        0.65,
        0.8,
        0.85,
        0.9,
        0.93,
        0.95,
        0.96,
        0.98
      ],
      "x_inf_mean": [
        0.0,
        0.006874999999999998,
        0.038296296296296294,
        0.017619047619047614,
        0.045333333333333316,
        0.02342105263157894,
        0.07209523809523809,
        0.06899999999999999,
        0.20559999999999998,
        0.20296296296296293,
        0.8666666666666667,
        1.0,
        1.0,
        1.0,
        1.0,
        1.0,
        1.0
      ],
      "x_inf_std": [
        0.0,
        0.009722718241315025,
        0.05415914161088074,
        0.012640742058453678,
        0.04135483311805552,
        0.031280017900446634,
        0.04360636122435607,
        0.024066266540225655,
        0.02545793916770694,
        0.1060168607342489,
        0.1885618083164127,
        0.0,
        0.0,
        0.0,
        0.0,
        0.0,
        0.0
      ]
    }
  },
  "gist": {
    "llm": {
      "q0": 0.5,
      "q1": 0.9,
      "predicted_alpha_star": 0.0,
      "empirical_alpha_star": 0.05,
      "rmse_x_inf_vs_theory": 0.0,
      "alphas": [
        0.0,
        0.05,
        0.1,
        0.15,
        0.2,
        0.25,
        0.3,
        0.4,
        0.5,
        0.65,
        0.8,
        0.85,
        0.9,
        0.93,
        0.95,
        0.96,
        0.98
      ],
      "x_inf_mean": [
        0.0,
        1.0,
        1.0,
        1.0,
        1.0,
        1.0,
        1.0,
        1.0,
        1.0,
        1.0,
        1.0,
        1.0,
        1.0,
        1.0,
        1.0,
        1.0,
        1.0
      ],
      "x_inf_std": [
        0.0,
        0.0,
        0.0,
        0.0,
        0.0,
        0.0,
        0.0,
        0.0,
        0.0,
        0.0,
        0.0,
        0.0,
        0.0,
        0.0,
        0.0,
        0.0,
        0.0
      ]
    },
    "mechanical": {
      "q0": 0.5,
      "q1": 0.9,
      "predicted_alpha_star": 0.0,
      "empirical_alpha_star": 0.05,
      "rmse_x_inf_vs_theory": 0.0,
      "alphas": [
        0.0,
        0.05,
        0.1,
        0.15,
        0.2,
        0.25,
        0.3,
        0.4,
        0.5,
        0.65,
        0.8,
        0.85,
        0.9,
        0.93,
        0.95,
        0.96,
        0.98
      ],
      "x_inf_mean": [
        0.0,
        1.0,
        1.0,
        1.0,
        1.0,
        1.0,
        1.0,
        1.0,
        1.0,
        1.0,
        1.0,
        1.0,
        1.0,
        1.0,
        1.0,
        1.0,
        1.0
      ],
      "x_inf_std": [
        0.0,
        0.0,
        0.0,
        0.0,
        0.0,
        0.0,
        0.0,
        0.0,
        0.0,
        0.0,
        0.0,
        0.0,
        0.0,
        0.0,
        0.0,
        0.0,
        0.0
      ]
    },
    "stochastic": {
      "q0": 0.5,
      "q1": 0.9,
      "predicted_alpha_star": 0.0,
      "empirical_alpha_star": 0.05,
      "rmse_x_inf_vs_theory": 0.0,
      "alphas": [
        0.0,
        0.05,
        0.1,
        0.15,
        0.2,
        0.25,
        0.3,
        0.4,
        0.5,
        0.65,
        0.8,
        0.85,
        0.9,
        0.93,
        0.95,
        0.96,
        0.98
      ],
      "x_inf_mean": [
        0.0,
        1.0,
        1.0,
        1.0,
        1.0,
        1.0,
        1.0,
        1.0,
        1.0,
        1.0,
        1.0,
        1.0,
        1.0,
        1.0,
        1.0,
        1.0,
        1.0
      ],
      "x_inf_std": [
        0.0,
        0.0,
        0.0,
        0.0,
        0.0,
        0.0,
        0.0,
        0.0,
        0.0,
        0.0,
        0.0,
        0.0,
        0.0,
        0.0,
        0.0,
        0.0,
        0.0
      ]
    }
  }
}